{"cameraMode":{"drawMode":0,"name":"Shaded","section":"Shading Mode"},"sceneLighting":false,"audioPlay":false,"sceneViewState":{"m_AlwaysRefresh":false,"showFog":true,"showSkybox":false,"showFlares":true,"showImageEffects":true,"showParticleSystems":true,"showVisualEffectGraphs":true,"m_FxEnabled":true},"in2DMode":false,"pivot":{"x":0.40305450558662417,"y":1.2365647554397584,"z":0.9712121486663818},"rotation":{"x":-0.04087238386273384,"y":0.8818618059158325,"z":-0.07780510932207108,"w":-0.46326589584350588},"size":0.4466545581817627,"orthographic":false}