{"cameraMode":{"drawMode":0,"name":"Shaded","section":"Shading Mode"},"sceneLighting":true,"audioPlay":false,"sceneViewState":{"m_AlwaysRefresh":false,"showFog":true,"showSkybox":true,"showFlares":true,"showImageEffects":true,"showParticleSystems":true,"showVisualEffectGraphs":true,"m_FxEnabled":true},"in2DMode":false,"pivot":{"x":-0.7030578851699829,"y":-1.8004816770553589,"z":7.845143795013428},"rotation":{"x":0.19281798601150514,"y":-0.09696531295776367,"z":0.019151531159877778,"w":0.9762446880340576},"size":5.85040283203125,"orthographic":false}