{"cameraMode":{"drawMode":0,"name":"Shaded","section":"Shading Mode"},"sceneLighting":true,"audioPlay":false,"sceneViewState":{"m_AlwaysRefresh":false,"showFog":true,"showSkybox":true,"showFlares":true,"showImageEffects":true,"showParticleSystems":true,"showVisualEffectGraphs":true,"m_FxEnabled":true},"in2DMode":false,"pivot":{"x":-0.03343212604522705,"y":0.9666170477867127,"z":-0.025805175304412843},"rotation":{"x":-0.04438028112053871,"y":0.8929581642150879,"z":-0.09032513201236725,"w":-0.4387502074241638},"size":0.8827425241470337,"orthographic":false}