{"cameraMode":{"drawMode":0,"name":"Shaded","section":"Shading Mode"},"sceneLighting":true,"audioPlay":false,"sceneViewState":{"m_AlwaysRefresh":false,"showFog":true,"showSkybox":true,"showFlares":true,"showImageEffects":true,"showParticleSystems":true,"showVisualEffectGraphs":true,"m_FxEnabled":true},"in2DMode":false,"pivot":{"x":-0.12756508588790894,"y":-0.349799245595932,"z":-0.35009968280792239},"rotation":{"x":-0.04839674010872841,"y":0.8571486473083496,"z":-0.08202243596315384,"w":-0.5061958432197571},"size":0.5229119658470154,"orthographic":false}