{"cameraMode":{"drawMode":0,"name":"Shaded","section":"Shading Mode"},"sceneLighting":false,"audioPlay":false,"sceneViewState":{"m_AlwaysRefresh":false,"showFog":true,"showSkybox":false,"showFlares":true,"showImageEffects":true,"showParticleSystems":true,"showVisualEffectGraphs":true,"m_FxEnabled":true},"in2DMode":false,"pivot":{"x":-0.148631751537323,"y":1.2146373987197877,"z":0.30108487606048586},"rotation":{"x":-0.047311097383499148,"y":0.7788074016571045,"z":-0.05923248454928398,"w":-0.6226713061332703},"size":0.42090916633605959,"orthographic":false}