{"cameraMode":{"drawMode":0,"name":"Shaded","section":"Shading Mode"},"sceneLighting":false,"audioPlay":false,"sceneViewState":{"m_AlwaysRefresh":false,"showFog":true,"showSkybox":false,"showFlares":true,"showImageEffects":true,"showParticleSystems":true,"showVisualEffectGraphs":true,"m_FxEnabled":true},"in2DMode":false,"pivot":{"x":0.9982118010520935,"y":0.42570415139198305,"z":-0.7390875816345215},"rotation":{"x":0.04009149596095085,"y":-0.9375752210617065,"z":0.11543142795562744,"w":0.32564979791641238},"size":1.1983472108840943,"orthographic":false}