{"cameraMode":{"drawMode":0,"name":"Shaded","section":"Shading Mode"},"sceneLighting":false,"audioPlay":false,"sceneViewState":{"m_AlwaysRefresh":false,"showFog":true,"showSkybox":false,"showFlares":true,"showImageEffects":true,"showParticleSystems":true,"showVisualEffectGraphs":true,"m_FxEnabled":true},"in2DMode":false,"pivot":{"x":-0.013389602303504944,"y":1.2759637832641602,"z":0.2649117410182953},"rotation":{"x":-0.016867192462086679,"y":0.9749685525894165,"z":-0.07944946736097336,"w":-0.20699112117290498},"size":0.6032600402832031,"orthographic":false}