{"cameraMode":{"drawMode":0,"name":"Shaded","section":"Shading Mode"},"sceneLighting":false,"audioPlay":false,"sceneViewState":{"m_AlwaysRefresh":false,"showFog":true,"showSkybox":false,"showFlares":true,"showImageEffects":true,"showParticleSystems":true,"showVisualEffectGraphs":true,"m_FxEnabled":true},"in2DMode":false,"pivot":{"x":-0.15486973524093629,"y":1.3324909210205079,"z":0.3176727592945099},"rotation":{"x":-0.016867192462086679,"y":0.9749685525894165,"z":-0.07944946736097336,"w":-0.20699112117290498},"size":0.2854483723640442,"orthographic":false}