{"cameraMode":{"drawMode":0,"name":"Shaded","section":"Shading Mode"},"sceneLighting":false,"audioPlay":false,"sceneViewState":{"m_AlwaysRefresh":false,"showFog":true,"showSkybox":false,"showFlares":true,"showImageEffects":true,"showParticleSystems":true,"showVisualEffectGraphs":true,"m_FxEnabled":true},"in2DMode":false,"pivot":{"x":1.5518231391906739,"y":1.1974765062332154,"z":0.16585421562194825},"rotation":{"x":-0.013657554052770138,"y":-0.9835929870605469,"z":-0.03326695039868355,"w":0.17689400911331178},"size":0.7793375253677368,"orthographic":false}