{"cameraMode":{"drawMode":0,"name":"Shaded","section":"Shading Mode"},"sceneLighting":false,"audioPlay":false,"sceneViewState":{"m_AlwaysRefresh":false,"showFog":true,"showSkybox":false,"showFlares":true,"showImageEffects":true,"showParticleSystems":true,"showVisualEffectGraphs":true,"m_FxEnabled":true},"in2DMode":false,"pivot":{"x":0.06388185173273087,"y":1.1502131223678589,"z":-0.10971271991729737},"rotation":{"x":-0.005408504977822304,"y":-0.9974427819252014,"z":0.03423086553812027,"w":0.06288565695285797},"size":0.6487105488777161,"orthographic":false}