{"cameraMode":{"drawMode":0,"name":"Shaded","section":"Shading Mode"},"sceneLighting":false,"audioPlay":false,"sceneViewState":{"m_AlwaysRefresh":false,"showFog":true,"showSkybox":false,"showFlares":true,"showImageEffects":true,"showParticleSystems":true,"showVisualEffectGraphs":true,"m_FxEnabled":true},"in2DMode":false,"pivot":{"x":-0.007432311773300171,"y":1.3686853647232056,"z":0.07187332212924957},"rotation":{"x":0.021102294325828553,"y":-0.9200625419616699,"z":0.07004532217979431,"w":0.3849450647830963},"size":0.3782477080821991,"orthographic":false}