{"cameraMode":{"drawMode":0,"name":"Shaded","section":"Shading Mode"},"sceneLighting":false,"audioPlay":false,"sceneViewState":{"m_AlwaysRefresh":false,"showFog":true,"showSkybox":false,"showFlares":true,"showImageEffects":true,"showParticleSystems":true,"showVisualEffectGraphs":true,"m_FxEnabled":true},"in2DMode":false,"pivot":{"x":-0.37440407276153567,"y":0.8738492727279663,"z":0.5484414100646973},"rotation":{"x":0.021102294325828553,"y":-0.9200625419616699,"z":0.07004532217979431,"w":0.3849450647830963},"size":0.9191204905509949,"orthographic":false}