{"cameraMode":{"drawMode":0,"name":"Shaded","section":"Shading Mode"},"sceneLighting":false,"audioPlay":false,"sceneViewState":{"m_AlwaysRefresh":false,"showFog":true,"showSkybox":false,"showFlares":true,"showImageEffects":true,"showParticleSystems":true,"showVisualEffectGraphs":true,"m_FxEnabled":true},"in2DMode":false,"pivot":{"x":0.1344248652458191,"y":0.8862070441246033,"z":1.0956097841262818},"rotation":{"x":0.06893329322338104,"y":-0.6757200360298157,"z":0.06370605528354645,"w":0.7311773300170898},"size":1.009398102760315,"orthographic":false}