{"cameraMode":{"drawMode":0,"name":"Shaded","section":"Shading Mode"},"sceneLighting":false,"audioPlay":false,"sceneViewState":{"m_AlwaysRefresh":false,"showFog":true,"showSkybox":false,"showFlares":true,"showImageEffects":true,"showParticleSystems":true,"showVisualEffectGraphs":true,"m_FxEnabled":true},"in2DMode":false,"pivot":{"x":1.1541850566864014,"y":1.1918258666992188,"z":-0.7491616010665894},"rotation":{"x":0.03940901532769203,"y":-0.903593122959137,"z":0.08518916368484497,"w":0.41801702976226809},"size":0.6927366256713867,"orthographic":false}