{"cameraMode":{"drawMode":0,"name":"Shaded","section":"Shading Mode"},"sceneLighting":false,"audioPlay":false,"sceneViewState":{"m_AlwaysRefresh":false,"showFog":true,"showSkybox":false,"showFlares":true,"showImageEffects":true,"showParticleSystems":true,"showVisualEffectGraphs":true,"m_FxEnabled":true},"in2DMode":false,"pivot":{"x":-0.2131505012512207,"y":1.7930604219436646,"z":-0.38472652435302737},"rotation":{"x":0.012359208427369595,"y":0.9874482154846191,"z":-0.10096839815378189,"w":0.12086588144302368},"size":2.494586229324341,"orthographic":false}