{"cameraMode":{"drawMode":0,"name":"Shaded","section":"Shading Mode"},"sceneLighting":false,"audioPlay":false,"sceneViewState":{"m_AlwaysRefresh":false,"showFog":true,"showSkybox":false,"showFlares":true,"showImageEffects":true,"showParticleSystems":true,"showVisualEffectGraphs":true,"m_FxEnabled":true},"in2DMode":false,"pivot":{"x":-0.8466367721557617,"y":2.921959638595581,"z":-3.7708473205566408},"rotation":{"x":-0.010988499969244004,"y":-0.04466743394732475,"z":-0.0005029497551731765,"w":0.9989535808563232},"size":161.76283264160157,"orthographic":true}