{"cameraMode":{"drawMode":0,"name":"Shaded","section":"Shading Mode"},"sceneLighting":false,"audioPlay":false,"sceneViewState":{"m_AlwaysRefresh":false,"showFog":true,"showSkybox":false,"showFlares":true,"showImageEffects":true,"showParticleSystems":true,"showVisualEffectGraphs":true,"m_FxEnabled":true},"in2DMode":false,"pivot":{"x":-2.372087001800537,"y":0.21544061601161958,"z":-6.264466762542725},"rotation":{"x":0.2831801176071167,"y":-0.22321605682373048,"z":0.0679498091340065,"w":0.9302512407302856},"size":0.20281818509101869,"orthographic":false}