{"cameraMode":{"drawMode":0,"name":"Shaded","section":"Shading Mode"},"sceneLighting":false,"audioPlay":false,"sceneViewState":{"m_AlwaysRefresh":false,"showFog":true,"showSkybox":false,"showFlares":true,"showImageEffects":true,"showParticleSystems":true,"showVisualEffectGraphs":true,"m_FxEnabled":true},"in2DMode":false,"pivot":{"x":358.051025390625,"y":147.51077270507813,"z":-9.388961791992188},"rotation":{"x":-0.010988499969244004,"y":-0.04466743394732475,"z":-0.0005029497551731765,"w":0.9989535808563232},"size":167.1767120361328,"orthographic":true}